{"v":"4.8.0","meta":{"g":"LottieFiles AE 3.3.6","a":"","k":"","d":"","tc":""},"fr":30,"ip":0,"op":31,"w":128,"h":128,"nm":"Arrow_up_lottie","ddd":0,"assets":[],"layers":[{"ddd":0,"ind":1,"ty":3,"nm":"Null 4","sr":1,"ks":{"o":{"a":0,"k":0,"ix":11},"r":{"a":0,"k":0,"ix":10},"p":{"a":0,"k":[64,64,0],"ix":2},"a":{"a":0,"k":[50,50,0],"ix":1},"s":{"a":0,"k":[100,100,100],"ix":6}},"ao":0,"ip":0,"op":240,"st":0,"bm":0},{"ddd":0,"ind":2,"ty":4,"nm":"Layer 1 Outlines 2","parent":1,"sr":1,"ks":{"o":{"a":0,"k":100,"ix":11},"r":{"a":0,"k":-180,"ix":10},"p":{"a":1,"k":[{"i":{"x":0.2,"y":1},"o":{"x":0.8,"y":0},"t":10,"s":[49.5,49.748,0],"to":[0,0,0],"ti":[0,0,0]},{"t":29,"s":[49.5,-31.252,0]}],"ix":2},"a":{"a":0,"k":[27.5,15.317,0],"ix":1},"s":{"a":1,"k":[{"i":{"x":[0.757,0.757,0.757],"y":[1.373,1.373,4.748]},"o":{"x":[0.435,0.435,0.435],"y":[0,0,0]},"t":10,"s":[100,100,100]},{"i":{"x":[0.2,0.2,0.2],"y":[1,1,1]},"o":{"x":[0.523,0.523,0.523],"y":[0.803,0.803,-8.069]},"t":15.15,"s":[110.052,110.052,100]},{"i":{"x":[0.063,0.063,0.063],"y":[1,1,1]},"o":{"x":[0.435,0.435,0.435],"y":[0,0,0]},"t":20.301,"s":[100,100,100]},{"t":29,"s":[0,0,100]}],"ix":6}},"ao":0,"shapes":[{"ty":"gr","it":[{"ind":0,"ty":"sh","ix":1,"ks":{"a":0,"k":{"i":[[0,0],[0,0],[2.065,2.019],[0,0]],"o":[[0,0],[-2.065,2.019],[0,0],[0,0]],"v":[[26.57,-12.183],[3.715,10.164],[-3.715,10.164],[-26.57,-12.183]],"c":false},"ix":2},"nm":"Path 1","mn":"ADBE Vector Shape - Group","hd":false},{"ty":"st","c":{"a":0,"k":[0,0,0,1],"ix":3},"o":{"a":0,"k":100,"ix":4},"w":{"a":0,"k":5,"ix":5},"lc":2,"lj":1,"ml":4,"bm":0,"nm":"Stroke 1","mn":"ADBE Vector Graphic - Stroke","hd":false},{"ty":"tr","p":{"a":0,"k":[27.5,15.317],"ix":2},"a":{"a":0,"k":[0,0],"ix":1},"s":{"a":0,"k":[100,100],"ix":3},"r":{"a":0,"k":0,"ix":6},"o":{"a":0,"k":100,"ix":7},"sk":{"a":0,"k":0,"ix":4},"sa":{"a":0,"k":0,"ix":5},"nm":"Transform"}],"nm":"Group 1","np":2,"cix":2,"bm":0,"ix":1,"mn":"ADBE Vector Group","hd":false}],"ip":0,"op":240,"st":0,"bm":0},{"ddd":0,"ind":3,"ty":4,"nm":"Layer 1 Outlines","parent":1,"sr":1,"ks":{"o":{"a":0,"k":100,"ix":11},"r":{"a":0,"k":-180,"ix":10},"p":{"a":1,"k":[{"i":{"x":0.2,"y":1},"o":{"x":0.8,"y":0},"t":10,"s":[49.5,135.248,0],"to":[0,0,0],"ti":[0,0,0]},{"t":29,"s":[49.5,49.748,0]}],"ix":2},"a":{"a":0,"k":[27.5,15.317,0],"ix":1},"s":{"a":1,"k":[{"i":{"x":[0.757,0.757,0.757],"y":[1.373,1.373,1]},"o":{"x":[0.435,0.435,0.435],"y":[0,0,0]},"t":10,"s":[100,100,100]},{"i":{"x":[0.2,0.2,0.2],"y":[1,1,1]},"o":{"x":[0.523,0.523,0.523],"y":[0.803,0.803,0]},"t":19.5,"s":[110.052,110.052,100]},{"t":29,"s":[100,100,100]}],"ix":6}},"ao":0,"shapes":[{"ty":"gr","it":[{"ind":0,"ty":"sh","ix":1,"ks":{"a":0,"k":{"i":[[0,0],[0,0],[2.065,2.019],[0,0]],"o":[[0,0],[-2.065,2.019],[0,0],[0,0]],"v":[[26.57,-12.183],[3.715,10.164],[-3.715,10.164],[-26.57,-12.183]],"c":false},"ix":2},"nm":"Path 1","mn":"ADBE Vector Shape - Group","hd":false},{"ty":"st","c":{"a":0,"k":[0,0,0,1],"ix":3},"o":{"a":0,"k":100,"ix":4},"w":{"a":0,"k":5,"ix":5},"lc":2,"lj":1,"ml":4,"bm":0,"nm":"Stroke 1","mn":"ADBE Vector Graphic - Stroke","hd":false},{"ty":"tr","p":{"a":0,"k":[27.5,15.317],"ix":2},"a":{"a":0,"k":[0,0],"ix":1},"s":{"a":0,"k":[100,100],"ix":3},"r":{"a":0,"k":0,"ix":6},"o":{"a":0,"k":100,"ix":7},"sk":{"a":0,"k":0,"ix":4},"sa":{"a":0,"k":0,"ix":5},"nm":"Transform"}],"nm":"Group 1","np":2,"cix":2,"bm":0,"ix":1,"mn":"ADBE Vector Group","hd":false}],"ip":0,"op":240,"st":0,"bm":0}],"markers":[]}