{"v":"4.8.0","meta":{"g":"LottieFiles AE 3.3.6","a":"","k":"","d":"","tc":""},"fr":30,"ip":0,"op":37,"w":128,"h":128,"nm":"Arrow_Down_Up_lottie","ddd":0,"assets":[],"layers":[{"ddd":0,"ind":1,"ty":3,"nm":"Null 2","sr":1,"ks":{"o":{"a":0,"k":0,"ix":11},"r":{"a":0,"k":-180,"ix":10},"p":{"a":0,"k":[64,60,0],"ix":2},"a":{"a":0,"k":[0,17,0],"ix":1},"s":{"a":0,"k":[100,100,100],"ix":6}},"ao":0,"ip":0,"op":240,"st":0,"bm":0},{"ddd":0,"ind":2,"ty":3,"nm":"Null 1","parent":1,"sr":1,"ks":{"o":{"a":0,"k":0,"ix":11},"r":{"a":0,"k":0,"ix":10},"p":{"a":1,"k":[{"i":{"x":0.35,"y":1},"o":{"x":0.65,"y":0},"t":10,"s":[0,1.5,0],"to":[0,0,0],"ti":[0,0,0]},{"i":{"x":0.35,"y":1},"o":{"x":0.65,"y":0},"t":19,"s":[0,-4,0],"to":[0,0,0],"ti":[0,0,0]},{"i":{"x":0.35,"y":1},"o":{"x":0.65,"y":0},"t":28,"s":[0,8.75,0],"to":[0,0,0],"ti":[0,0,0]},{"t":36,"s":[0,1.5,0]}],"ix":2},"a":{"a":0,"k":[0,0,0],"ix":1},"s":{"a":0,"k":[100,100,100],"ix":6}},"ao":0,"ip":0,"op":240,"st":0,"bm":0},{"ddd":0,"ind":3,"ty":4,"nm":"Layer 1 Outlines","parent":2,"sr":1,"ks":{"o":{"a":0,"k":100,"ix":11},"r":{"a":0,"k":0,"ix":10},"p":{"a":1,"k":[{"i":{"x":0.35,"y":1},"o":{"x":0.65,"y":0},"t":10,"s":[0.5,28.317,0],"to":[0,0,0],"ti":[0,0,0]},{"i":{"x":0.35,"y":1},"o":{"x":0.65,"y":0},"t":19,"s":[0.5,12.442,0],"to":[0,0,0],"ti":[0,0,0]},{"t":28,"s":[0.5,28.317,0]}],"ix":2},"a":{"a":0,"k":[27.5,15.317,0],"ix":1},"s":{"a":0,"k":[100,100,100],"ix":6}},"ao":0,"shapes":[{"ty":"gr","it":[{"ind":0,"ty":"sh","ix":1,"ks":{"a":1,"k":[{"i":{"x":0.35,"y":1},"o":{"x":0.65,"y":0},"t":10,"s":[{"i":[[0,0],[0,0],[1.345,1.315],[0,0]],"o":[[0,0],[-1.345,1.315],[0,0],[0,0]],"v":[[17.301,-7.933],[2.419,6.618],[-2.419,6.618],[-17.301,-7.933]],"c":false}]},{"i":{"x":0.35,"y":1},"o":{"x":0.65,"y":0},"t":20,"s":[{"i":[[0,0],[0,0],[1.345,1.315],[0,0]],"o":[[0,0],[-1.345,1.315],[0,0],[0,0]],"v":[[17.301,-7.933],[2.419,6.618],[-2.419,6.618],[-17.301,-7.933]],"c":false}]},{"i":{"x":0.35,"y":1},"o":{"x":0.65,"y":0},"t":29,"s":[{"i":[[0,0],[0,0],[0.913,0.893],[0,0]],"o":[[0,0],[-0.913,0.893],[0,0],[0,0]],"v":[[11.75,-5.388],[1.643,4.495],[-1.643,4.495],[-11.75,-5.388]],"c":false}]},{"t":35,"s":[{"i":[[0,0],[0,0],[1.345,1.315],[0,0]],"o":[[0,0],[-1.345,1.315],[0,0],[0,0]],"v":[[17.301,-7.933],[2.419,6.618],[-2.419,6.618],[-17.301,-7.933]],"c":false}]}],"ix":2},"nm":"Path 1","mn":"ADBE Vector Shape - Group","hd":false},{"ty":"st","c":{"a":0,"k":[0,0,0,1],"ix":3},"o":{"a":0,"k":100,"ix":4},"w":{"a":0,"k":5,"ix":5},"lc":2,"lj":1,"ml":4,"bm":0,"nm":"Stroke 1","mn":"ADBE Vector Graphic - Stroke","hd":false},{"ty":"tr","p":{"a":0,"k":[27.5,15.317],"ix":2},"a":{"a":0,"k":[0,0],"ix":1},"s":{"a":0,"k":[100,100],"ix":3},"r":{"a":0,"k":0,"ix":6},"o":{"a":0,"k":100,"ix":7},"sk":{"a":0,"k":0,"ix":4},"sa":{"a":0,"k":0,"ix":5},"nm":"Transform"}],"nm":"Group 1","np":2,"cix":2,"bm":0,"ix":1,"mn":"ADBE Vector Group","hd":false}],"ip":0,"op":240,"st":0,"bm":0},{"ddd":0,"ind":4,"ty":4,"nm":"Layer 2 Outlines","parent":2,"sr":1,"ks":{"o":{"a":0,"k":100,"ix":11},"r":{"a":0,"k":0,"ix":10},"p":{"a":0,"k":[0.25,-8.5,0],"ix":2},"a":{"a":0,"k":[2.5,32,0],"ix":1},"s":{"a":0,"k":[100,100,100],"ix":6}},"ao":0,"shapes":[{"ty":"gr","it":[{"ind":0,"ty":"sh","ix":1,"ks":{"a":0,"k":{"i":[[0,0],[0,0]],"o":[[0,0],[0,0]],"v":[[2.5,61.5],[2.5,26.571]],"c":false},"ix":2},"nm":"Path 1","mn":"ADBE Vector Shape - Group","hd":false},{"ty":"st","c":{"a":0,"k":[0,0,0,1],"ix":3},"o":{"a":0,"k":100,"ix":4},"w":{"a":0,"k":5,"ix":5},"lc":2,"lj":1,"ml":4,"bm":0,"nm":"Stroke 1","mn":"ADBE Vector Graphic - Stroke","hd":false},{"ty":"tr","p":{"a":0,"k":[0,0],"ix":2},"a":{"a":0,"k":[0,0],"ix":1},"s":{"a":0,"k":[100,100],"ix":3},"r":{"a":0,"k":0,"ix":6},"o":{"a":0,"k":100,"ix":7},"sk":{"a":0,"k":0,"ix":4},"sa":{"a":0,"k":0,"ix":5},"nm":"Transform"}],"nm":"Group 1","np":2,"cix":2,"bm":0,"ix":1,"mn":"ADBE Vector Group","hd":false},{"ty":"tm","s":{"a":0,"k":100,"ix":1},"e":{"a":1,"k":[{"i":{"x":[0.35],"y":[1]},"o":{"x":[0.65],"y":[0]},"t":10,"s":[0]},{"i":{"x":[0.35],"y":[1]},"o":{"x":[0.65],"y":[0]},"t":19,"s":[36]},{"t":28,"s":[0]}],"ix":2},"o":{"a":0,"k":0,"ix":3},"m":1,"ix":2,"nm":"Trim Paths 1","mn":"ADBE Vector Filter - Trim","hd":false}],"ip":0,"op":240,"st":0,"bm":0},{"ddd":0,"ind":5,"ty":4,"nm":"Shape Layer 2","parent":1,"sr":1,"ks":{"o":{"a":0,"k":100,"ix":11},"r":{"a":0,"k":180,"ix":10},"p":{"a":0,"k":[0,13,0],"ix":2},"a":{"a":0,"k":[0.25,-1,0],"ix":1},"s":{"a":0,"k":[100,100,100],"ix":6}},"ao":0,"shapes":[{"ty":"gr","it":[{"ind":0,"ty":"sh","ix":1,"ks":{"a":0,"k":{"i":[[0,-10.15],[0,0],[10.15,0],[0,0],[0,10.15],[0,0],[-10.15,0],[0,0]],"o":[[0,0],[0,10.15],[0,0],[-10.15,0],[0,0],[0,-10.15],[0,0],[10.15,0]],"v":[[42.5,-24.811],[42.5,24.811],[24.122,43.189],[-24.122,43.189],[-42.5,24.811],[-42.5,-24.811],[-24.122,-43.189],[24.122,-43.189]],"c":true},"ix":2},"nm":"Path 1","mn":"ADBE Vector Shape - Group","hd":false},{"ty":"st","c":{"a":0,"k":[0,0,0,1],"ix":3},"o":{"a":0,"k":100,"ix":4},"w":{"a":0,"k":5,"ix":5},"lc":1,"lj":1,"ml":4,"bm":0,"nm":"Stroke 1","mn":"ADBE Vector Graphic - Stroke","hd":false},{"ty":"tr","p":{"a":0,"k":[0.25,-1],"ix":2},"a":{"a":0,"k":[0,0],"ix":1},"s":{"a":0,"k":[100,100],"ix":3},"r":{"a":0,"k":0,"ix":6},"o":{"a":0,"k":100,"ix":7},"sk":{"a":0,"k":0,"ix":4},"sa":{"a":0,"k":0,"ix":5},"nm":"Transform"}],"nm":"Rectangle 1","np":3,"cix":2,"bm":0,"ix":1,"mn":"ADBE Vector Group","hd":false}],"ip":0,"op":240,"st":0,"bm":0}],"markers":[]}